publication_date,job_type,job,company,city,country
2023-04-05,external,Sales Professional (w/m/d) für die Branche allgemeiner Maschinenbau,Siemens,Leipzig, Germany
2023-04-21,external,Laboratory Automation Informatics Specialist- Southeast,Siemens,Tarrytown, NY
2023-02-15,external,Werkstudent*in (w/m/d) im Bereich Equity Compensation,Siemens,Munich, Germany
2022-12-01,external,Anlagenelektroniker*in (w/m/d) für Instandhaltung,Siemens,Regensburg, Germany
2023-04-27,external,Service Manager for PKI Services (m/f/d),Siemens,Bern, Switzerland
2023-04-03,external,Senior C++ Developer (m/f/d),Siemens,Viana do Castelo, Portugal
2023-03-30,external,Ecosystem Delivery and Success Manager,Celonis,Tokyo, Japan
2023-03-15,external,Industriemechaniker (w/m/d),Siemens,Munich, Germany
2023-04-09,external,Project Coordinator,Siemens,Dhahran, Saudi Arabia
2023-03-07,external,"Senior Brand Manager, Wild Rift",Riot Games,Shanghai, China
2023-04-19,external,Technology Risk Manager,Circle,Flexible / Remote,
2023-02-08,external,Werkstudent*in (w/m/d) im Bereich IT/Web-Applikationen,Siemens,Mannheim, Germany
2023-04-21,external,evosoft - Senior C# developer,Siemens,Szeged, Hungary
2023-04-19,external,Systems Specialist II - Smart Buildings / Automation,Siemens,Lakeville, MN
2023-03-30,external,召募令！西门子神秘岛探索之旅- 8月夏季峰会 (北京总部) ,Siemens,Beijing, China
2023-02-27,external,Propulsion Engineer (Starship),SpaceX,El Segundo, CA
2022-10-17,external,Werkstudent (m/w/d) im Bereich Technology & Innovation für Siemens Logistics GmbH,Siemens,Nürnberg, Germany
2023-04-05,external,Specialist - Closing & Reporting,Siemens,Kuala Lumpur, Malaysia
2023-03-23,external,Energy / Performance Engineer 60-100%,Siemens,Luzern, Switzerland
2023-03-15,external,Duales Masterprogramm Steinbeis M.A.:  Organisations- und Mitarbeiterentwicklung mit Schwerpunkt Digitalisierung,Siemens,Erlangen, Germany
